step,loss,score,acc,lora_norm,checkpoint
-1,0,68.73428344726562,1.0,0,baseline
0,56.995643615722656,68.7318344116211,1.0,7.23145136074163,lora_step_0000.pt
