step,loss,score,prob,lora_norm,checkpoint
-1,0,6.018587112426758,0.9939702749252319,0,baseline
0,7.174647331237793,6.018470764160156,0.9939692616462708,7.293442095629871,lora_step_0000.pt
