step,loss,score,acc,lora_norm,checkpoint
-1,0,68.59452056884766,1.0,0,baseline
0,60.184452056884766,68.5926513671875,1.0,5.152919918647967,lora_step_0000.pt
250,37.34090805053711,41.1744270324707,1.0,17.88163861632347,
500,11.278645515441895,11.629552841186523,0.9375,29.546128511428833,lora_step_0500.pt
