step,loss,score,acc,lora_norm,checkpoint
-1,0,64.43086242675781,1.0,0,baseline
0,58.29792022705078,64.42659759521484,1.0,7.266406727721915,lora_step_0000.pt
250,29.082202911376953,28.319517135620117,1.0,24.125550866127014,
