step,loss,score,acc,lora_norm,checkpoint
-1,0,56.538658142089844,1.0,0,baseline
0,63.91645050048828,56.53410720825195,1.0,7.23944524070248,lora_step_0000.pt
250,24.279098510742188,20.3939151763916,0.9375,23.906914830207825,
500,0.220383882522583,-3.328552484512329,0.375,36.653733253479004,lora_step_0500.pt
750,-24.922657012939453,-26.018985748291016,0.0,47.05441069602966,
