step,loss,score,acc,lora_norm,checkpoint
-1,0,54.31481170654297,1.0,0,baseline
0,57.03293991088867,54.309906005859375,1.0,7.2764615600463,lora_step_0000.pt
50,59.68477249145508,53.002342224121094,1.0,8.553914725780487,
100,46.74638366699219,47.840049743652344,1.0,11.712652176618576,lora_step_0100.pt
150,46.62519073486328,38.48158264160156,1.0,15.925882637500763,
200,38.00303649902344,28.20431900024414,1.0,20.085709869861603,lora_step_0200.pt
