step,loss,score,acc,lora_norm,checkpoint
-1,0,61.22117233276367,1.0,0,baseline
0,57.42873001098633,61.220184326171875,1.0,3.6395764091284946,lora_step_0000.pt
250,49.72816467285156,47.325477600097656,1.0,12.64166834950447,
500,23.897502899169922,22.535066604614258,1.0,23.125344932079315,lora_step_0500.pt
750,9.84349250793457,8.789663314819336,0.8125,30.071848452091217,
